x,y,z,plane,x_um,y_um,z_um
4366,1543,1,2,4383.464,1549.172,6.0
4363,1549,1,2,4380.452,1555.196,6.0
4319,1557,1,2,4336.276,1563.228,6.0
4340,1568,1,2,4357.36,1574.272,6.0
4298,1574,4,5,4315.192,1580.296,24.0
4165,1606,4,5,4181.66,1612.424,24.0
4285,1597,1,2,4302.14,1603.388,6.0
4217,1609,3,4,4233.868,1615.436,18.0
4262,1604,1,2,4279.048,1610.416,6.0
4184,1619,1,2,4200.736,1625.476,6.0
4175,1627,3,4,4191.7,1633.508,18.0
4195,1626,2,3,4211.78,1632.504,12.0
4222,1627,4,5,4238.888,1633.508,24.0
4120,1632,2,3,4136.48,1638.528,12.0
4141,1639,4,5,4157.564,1645.556,24.0
4176,1640,1,2,4192.704,1646.56,6.0
4203,1644,3,4,4219.812,1650.576,18.0
4125,1667,4,5,4141.5,1673.668,24.0
4105,1652,4,5,4121.42,1658.608,24.0
4070,1662,1,2,4086.28,1668.648,6.0
4148,1669,4,5,4164.592,1675.676,24.0
4064,1670,2,3,4080.256,1676.68,12.0
4172,1671,1,2,4188.688,1677.684,6.0
4096,1681,4,5,4112.384,1687.724,24.0
4070,1689,1,2,4086.28,1695.756,6.0
4059,1710,4,5,4075.236,1716.84,24.0
4030,1700,3,4,4046.12,1706.8,18.0
4135,1696,1,2,4151.54,1702.784,6.0
4055,1711,1,2,4071.22,1717.844,6.0
4122,1715,3,4,4138.488,1721.86,18.0
4079,1724,4,5,4095.316,1730.896,24.0
4033,1752,3,4,4049.132,1759.008,18.0
4002,1750,3,4,4018.008,1757.0,18.0
4064,1739,1,2,4080.256,1745.956,6.0
4158,1765,1,2,4174.632,1772.06,6.0
4003,1770,2,3,4019.012,1777.08,12.0
4022,1783,1,2,4038.088,1790.132,6.0
3987,1781,1,2,4002.948,1788.124,6.0
4010,1782,1,2,4026.04,1789.128,6.0
3974,1787,4,5,3989.896,1794.148,24.0
4045,1790,3,4,4061.18,1797.16,18.0
3871,1799,1,2,3886.484,1806.196,6.0
3984,1798,3,4,3999.936,1805.192,18.0
4025,1803,1,2,4041.1,1810.212,6.0
4049,1804,2,3,4065.196,1811.216,12.0
4013,1808,4,5,4029.052,1815.232,24.0
3993,1822,5,6,4008.972,1829.288,30.0
4024,1814,1,2,4040.096,1821.256,6.0
3963,1840,4,5,3978.852,1847.36,24.0
4014,1824,2,3,4030.056,1831.296,12.0
4069,1823,1,2,4085.276,1830.292,6.0
3862,1850,3,4,3877.448,1857.4,18.0
3849,1837,2,3,3864.396,1844.348,12.0
4001,1833,2,3,4017.004,1840.332,12.0
3721,1869,3,4,3735.884,1876.476,18.0
3897,1849,1,2,3912.588,1856.396,6.0
3818,1853,1,2,3833.272,1860.412,6.0
3830,1854,4,5,3845.32,1861.416,24.0
3944,1857,1,2,3959.776,1864.428,6.0
3966,1865,1,2,3981.864,1872.46,6.0
3929,1862,1,2,3944.716,1869.448,6.0
3703,2254,4,5,3717.812,2263.016,24.0
3739,1875,2,3,3753.956,1882.5,12.0
3759,1875,1,2,3774.036,1882.5,6.0
3783,1879,1,2,3798.132,1886.516,6.0
4046,1877,1,2,4062.184,1884.508,6.0
3812,1878,1,2,3827.248,1885.512,6.0
3945,1882,1,2,3960.78,1889.528,6.0
3798,1884,1,2,3813.192,1891.536,6.0
3254,1886,1,2,3267.016,1893.544,6.0
3763,1891,3,4,3778.052,1898.564,18.0
3925,1892,3,4,3940.7,1899.568,18.0
4037,1889,2,3,4053.148,1896.556,12.0
3409,1889,1,2,3422.636,1896.556,6.0
3418,1901,4,5,3431.672,1908.604,24.0
3240,1890,1,2,3252.96,1897.56,6.0
3432,1890,1,2,3445.728,1897.56,6.0
3697,1890,1,2,3711.788,1897.56,6.0
3813,1891,1,2,3828.252,1898.564,6.0
3725,1894,3,4,3739.9,1901.576,18.0
3477,1894,2,3,3490.908,1901.576,12.0
3586,1897,3,4,3600.344,1904.588,18.0
3647,1904,4,5,3661.588,1911.616,24.0
3352,1900,4,5,3365.408,1907.6,24.0
3747,1897,2,3,3761.988,1904.588,12.0
3685,1899,1,2,3699.7400000000002,1906.596,6.0
3993,1897,1,2,4008.972,1904.588,6.0
3455,1897,3,4,3468.82,1904.588,18.0
3524,1904,3,4,3538.096,1911.616,18.0
3833,1908,3,4,3848.332,1915.632,18.0
3755,1902,1,2,3770.02,1909.608,6.0
4010,1906,1,2,4026.04,1913.624,6.0
3707,1905,1,2,3721.828,1912.6200000000001,6.0
3463,1912,4,5,3476.852,1919.648,24.0
3574,1908,1,2,3588.296,1915.632,6.0
3490,1912,2,3,3503.96,1919.648,12.0
3666,1916,3,4,3680.664,1923.664,18.0
3529,1919,3,4,3543.116,1926.676,18.0
3764,1913,2,3,3779.056,1920.652,12.0
3431,1915,1,2,3444.724,1922.66,6.0
3695,1920,4,5,3709.78,1927.68,24.0
3370,1917,1,2,3383.48,1924.6680000000001,6.0
3634,1919,2,3,3648.536,1926.676,12.0
3478,1917,2,3,3491.912,1924.6680000000001,12.0
3556,1919,1,2,3570.224,1926.676,6.0
3735,1918,2,3,3749.94,1925.672,12.0
3567,1922,2,3,3581.268,1929.688,12.0
3388,1924,1,2,3401.552,1931.696,6.0
3439,1928,4,5,3452.756,1935.712,24.0
3492,1926,1,2,3505.968,1933.704,6.0
3509,1928,2,3,3523.036,1935.712,12.0
3933,1927,1,2,3948.732,1934.708,6.0
3648,1929,1,2,3662.592,1936.716,6.0
3786,1930,2,3,3801.1440000000002,1937.72,12.0
3721,1925,4,5,3735.884,1932.7,24.0
3916,1931,2,3,3931.664,1938.724,12.0
3373,1931,2,3,3386.492,1938.724,12.0
4032,1935,1,2,4048.128,1942.74,6.0
3656,1938,1,2,3670.624,1945.752,6.0
4047,1937,1,2,4063.188,1944.748,6.0
3859,1938,1,2,3874.436,1945.752,6.0
3997,1941,1,2,4012.988,1948.764,6.0
3801,1939,3,4,3816.204,1946.756,18.0
3428,1960,3,4,3441.712,1967.84,18.0
3713,1942,1,2,3727.852,1949.768,6.0
3780,1947,3,4,3795.12,1954.788,18.0
3669,1947,1,2,3683.676,1954.788,6.0
4015,1943,4,5,4031.06,1950.772,24.0
3393,1952,1,2,3406.572,1959.808,6.0
3686,1953,4,5,3700.744,1960.812,24.0
3970,1966,3,4,3985.88,1973.864,18.0
3478,1969,3,4,3491.912,1976.876,18.0
4028,1959,5,6,4044.112,1966.836,30.0
3703,1960,1,2,3717.812,1967.84,6.0
4012,1964,1,2,4028.0480000000002,1971.856,6.0
3553,1965,1,2,3567.212,1972.86,6.0
3320,1968,2,3,3333.28,1975.872,12.0
3782,1974,1,2,3797.128,1981.896,6.0
3976,1979,1,2,3991.904,1986.916,6.0
3684,1982,1,2,3698.736,1989.928,6.0
3423,1985,3,4,3436.692,1992.94,18.0
3394,2001,4,5,3407.576,2009.004,24.0
3633,1987,1,2,3647.532,1994.948,6.0
2941,1993,2,3,2952.764,2000.972,12.0
3433,2008,4,5,3446.732,2016.032,24.0
3763,1997,1,2,3778.052,2004.988,6.0
3983,2006,1,2,3998.932,2014.0240000000001,6.0
3998,2002,4,5,4013.992,2010.008,24.0
3352,2006,4,5,3365.408,2014.0240000000001,24.0
4019,2002,1,2,4035.076,2010.008,6.0
4052,2015,1,2,4068.208,2023.06,6.0
3772,2017,1,2,3787.088,2025.068,6.0
3450,2025,3,4,3463.8,2033.1,18.0
3383,2019,4,5,3396.532,2027.076,24.0
3415,2032,4,5,3428.66,2040.128,24.0
3963,2022,1,2,3978.852,2030.088,6.0
3833,2024,1,2,3848.332,2032.096,6.0
3370,2034,5,6,3383.48,2042.136,30.0
4003,2037,4,5,4019.012,2045.148,24.0
3355,2032,2,3,3368.42,2040.128,12.0
3925,2029,1,2,3940.7,2037.116,6.0
4016,2030,1,2,4032.064,2038.1200000000001,6.0
4022,2034,2,3,4038.088,2042.136,12.0
3390,2036,1,2,3403.56,2044.144,6.0
3361,2044,2,3,3374.444,2052.176,12.0
3992,2046,2,3,4007.968,2054.184,12.0
3397,2063,4,5,3410.588,2071.252,24.0
3403,2062,1,2,3416.612,2070.248,6.0
3600,2064,1,2,3614.4,2072.256,6.0
3547,2065,1,2,3561.188,2073.26,6.0
3708,2068,1,2,3722.832,2076.272,6.0
4051,2068,2,3,4067.204,2076.272,12.0
4030,2075,4,5,4046.12,2083.3,24.0
3343,2075,1,2,3356.372,2083.3,6.0
4011,2104,4,5,4027.044,2112.416,24.0
4017,2082,1,2,4033.068,2090.328,6.0
3391,2089,4,5,3404.564,2097.356,24.0
4073,2088,1,2,4089.292,2096.352,6.0
3446,2090,1,2,3459.784,2098.36,6.0
4024,2094,1,2,4040.096,2102.376,6.0
3403,2095,1,2,3416.612,2103.38,6.0
3712,2103,1,2,3726.848,2111.412,6.0
3528,2103,1,2,3542.112,2111.412,6.0
3382,2110,3,4,3395.528,2118.44,18.0
3850,2104,1,2,3865.4,2112.416,6.0
3867,2110,1,2,3882.468,2118.44,6.0
3991,2112,1,2,4006.964,2120.448,6.0
4040,2114,1,2,4056.16,2122.456,6.0
4056,2118,2,3,4072.224,2126.472,12.0
3760,2119,1,2,3775.04,2127.476,6.0
4012,2144,4,5,4028.0480000000002,2152.576,24.0
3585,2122,1,2,3599.34,2130.488,6.0
3712,2134,1,2,3726.848,2142.536,6.0
3422,2145,2,3,3435.688,2153.58,12.0
4019,2146,1,2,4035.076,2154.584,6.0
3374,2150,1,2,3387.496,2158.6,6.0
3336,2152,1,2,3349.344,2160.608,6.0
4060,2157,2,3,4076.2400000000002,2165.628,12.0
3401,2158,1,2,3414.604,2166.632,6.0
4038,2161,1,2,4054.152,2169.6440000000002,6.0
4005,2163,1,2,4021.02,2171.652,6.0
3524,2165,1,2,3538.096,2173.66,6.0
3446,2168,1,2,3459.784,2176.672,6.0
3962,2173,1,2,3977.848,2181.692,6.0
4017,2184,4,5,4033.068,2192.736,24.0
3948,2173,2,3,3963.792,2181.692,12.0
3403,2173,2,3,3416.612,2181.692,12.0
3578,2178,1,2,3592.312,2186.712,6.0
3377,2180,3,4,3390.508,2188.72,18.0
3752,2184,1,2,3767.008,2192.736,6.0
3775,2181,4,5,3790.1,2189.724,24.0
3767,2185,1,2,3782.068,2193.74,6.0
3524,2195,2,3,3538.096,2203.78,12.0
4075,2195,1,2,4091.3,2203.78,6.0
4050,2195,2,3,4066.2,2203.78,12.0
4043,2200,1,2,4059.172,2208.8,6.0
3395,2199,4,5,3408.58,2207.796,24.0
4003,2205,2,3,4019.012,2213.82,12.0
4042,2205,1,2,4058.168,2213.82,6.0
4062,2207,1,2,4078.248,2215.828,6.0
4043,2206,1,2,4059.172,2214.824,6.0
3489,2217,3,4,3502.956,2225.868,18.0
3467,2216,3,4,3480.868,2224.864,18.0
4034,2216,3,4,4050.136,2224.864,18.0
4043,2215,1,2,4059.172,2223.86,6.0
3873,2216,1,2,3888.492,2224.864,6.0
3403,2220,1,2,3416.612,2228.88,6.0
3792,2224,1,2,3807.168,2232.896,6.0
4023,2223,1,2,4039.092,2231.892,6.0
4036,2227,1,2,4052.1440000000002,2235.908,6.0
3520,2233,1,2,3534.08,2241.932,6.0
3605,2240,4,5,3619.42,2248.96,24.0
3404,2250,4,5,3417.616,2259.0,24.0
3637,2239,1,2,3651.5480000000002,2247.956,6.0
4042,2242,1,2,4058.168,2250.968,6.0
3999,2248,1,2,4014.996,2256.992,6.0
3812,2259,3,4,3827.248,2268.036,18.0
3829,2249,1,2,3844.316,2257.996,6.0
3831,2255,4,5,3846.324,2264.02,24.0
3407,2259,1,2,3420.628,2268.036,6.0
3729,2261,4,5,3743.916,2270.044,24.0
3962,2263,2,3,3977.848,2272.052,12.0
3684,2269,1,2,3698.736,2278.076,6.0
3413,2276,1,2,3426.652,2285.104,6.0
4020,2282,2,3,4036.08,2291.128,12.0
4044,2281,3,4,4060.176,2290.124,18.0
3815,2291,1,2,3830.26,2300.164,6.0
7544,2296,1,2,7574.176,2305.184,6.0
3717,2320,2,3,3731.868,2329.28,12.0
4011,2316,5,6,4027.044,2325.264,30.0
3415,2321,1,2,3428.66,2330.284,6.0
3947,2332,3,4,3962.788,2341.328,18.0
3460,2329,4,5,3473.84,2338.316,24.0
4005,2335,3,4,4021.02,2344.34,18.0
3640,2342,1,2,3654.56,2351.368,6.0
3819,2347,1,2,3834.276,2356.388,6.0
3990,2347,4,5,4005.96,2356.388,24.0
3415,2357,4,5,3428.66,2366.428,24.0
3876,2358,1,2,3891.504,2367.432,6.0
3725,2359,1,2,3739.9,2368.436,6.0
3439,2368,1,2,3452.756,2377.472,6.0
3405,2372,1,2,3418.62,2381.488,6.0
3844,2379,1,2,3859.376,2388.516,6.0
3968,2378,4,5,3983.872,2387.512,24.0
3579,2382,1,2,3593.316,2391.528,6.0
3978,2382,1,2,3993.912,2391.528,6.0
3554,2384,2,3,3568.216,2393.536,12.0
3727,2383,1,2,3741.908,2392.532,6.0
3444,2384,2,3,3457.776,2393.536,12.0
3506,2386,1,2,3520.024,2395.544,6.0
3700,2385,1,2,3714.8,2394.54,6.0
3422,2388,3,4,3435.688,2397.552,18.0
3782,2389,1,2,3797.128,2398.556,6.0
3486,2394,1,2,3499.944,2403.576,6.0
3977,2396,2,3,3992.908,2405.584,12.0
3575,2397,2,3,3589.3,2406.588,12.0
3724,2410,1,2,3738.896,2419.64,6.0
3654,2419,1,2,3668.616,2428.676,6.0
3560,2423,1,2,3574.2400000000002,2432.692,6.0
3978,2424,1,2,3993.912,2433.696,6.0
3964,2427,4,5,3979.856,2436.708,24.0
3674,2426,1,2,3688.696,2435.704,6.0
3809,2430,1,2,3824.236,2439.72,6.0
3437,2433,2,3,3450.748,2442.732,12.0
3936,2432,4,5,3951.744,2441.728,24.0
3726,2439,1,2,3740.904,2448.756,6.0
3446,2446,1,2,3459.784,2455.784,6.0
3598,2447,1,2,3612.392,2456.788,6.0
3931,2453,1,2,3946.724,2462.812,6.0
3923,2457,5,6,3938.692,2466.828,30.0
3580,2464,1,2,3594.32,2473.856,6.0
3979,2464,1,2,3994.916,2473.856,6.0
3433,2466,1,2,3446.732,2475.864,6.0
3454,2477,1,2,3467.816,2486.908,6.0
3601,2475,1,2,3615.404,2484.9,6.0
3439,2484,1,2,3452.756,2493.936,6.0
3507,2486,1,2,3521.028,2495.944,6.0
3923,2489,1,2,3938.692,2498.956,6.0
3902,2489,1,2,3917.608,2498.956,6.0
3418,2489,1,2,3431.672,2498.956,6.0
3450,2502,1,2,3463.8,2512.008,6.0
3937,2500,1,2,3952.748,2510.0,6.0
3415,2504,1,2,3428.66,2514.016,6.0
3429,2503,1,2,3442.716,2513.012,6.0
3472,2508,1,2,3485.888,2518.032,6.0
3739,2506,4,5,3753.956,2516.024,24.0
3904,2508,2,3,3919.616,2518.032,12.0
3460,2513,4,5,3473.84,2523.052,24.0
3806,2517,1,2,3821.224,2527.068,6.0
3940,2520,1,2,3955.76,2530.08,6.0
3422,2523,2,3,3435.688,2533.092,12.0
3908,2527,4,5,3923.632,2537.108,24.0
3439,2530,1,2,3452.756,2540.12,6.0
3462,2537,4,5,3475.848,2547.148,24.0
3848,2537,1,2,3863.392,2547.148,6.0
3906,2544,1,2,3921.624,2554.176,6.0
3887,2541,4,5,3902.5480000000002,2551.164,24.0
3802,2546,1,2,3817.208,2556.184,6.0
3435,2548,3,4,3448.7400000000002,2558.192,18.0
3868,2552,3,4,3883.472,2562.208,18.0
3805,2558,3,4,3820.22,2568.232,18.0
3670,2555,1,2,3684.68,2565.22,6.0
3944,2555,1,2,3959.776,2565.22,6.0
3424,2564,1,2,3437.696,2574.256,6.0
3859,2567,2,3,3874.436,2577.268,12.0
3887,2565,2,3,3902.5480000000002,2575.26,12.0
3766,2573,3,4,3781.064,2583.292,18.0
3616,2572,1,2,3630.464,2582.288,6.0
3871,2571,1,2,3886.484,2581.284,6.0
3444,2569,4,5,3457.776,2579.276,24.0
3831,2580,2,3,3846.324,2590.32,12.0
3903,2577,1,2,3918.612,2587.308,6.0
3400,2578,3,4,3413.6,2588.312,18.0
3418,2578,1,2,3431.672,2588.312,6.0
3864,2582,2,3,3879.456,2592.328,12.0
3621,2583,1,2,3635.484,2593.332,6.0
3497,2582,1,2,3510.988,2592.328,6.0
3816,2585,3,4,3831.264,2595.34,18.0
3642,2587,1,2,3656.568,2597.348,6.0
3973,2588,1,2,3988.892,2598.352,6.0
3847,2590,1,2,3862.388,2600.36,6.0
3778,2600,2,3,3793.112,2610.4,12.0
3881,2590,2,3,3896.524,2600.36,12.0
3908,2593,1,2,3923.632,2603.372,6.0
3419,2589,4,5,3432.676,2599.356,24.0
3724,2593,1,2,3738.896,2603.372,6.0
3516,2596,1,2,3530.064,2606.384,6.0
3894,2596,1,2,3909.576,2606.384,6.0
3857,2599,2,3,3872.428,2609.396,12.0
3736,2601,1,2,3750.944,2611.404,6.0
3816,2602,1,2,3831.264,2612.408,6.0
3987,2595,3,4,4002.948,2605.38,18.0
3921,2608,3,4,3936.684,2618.432,18.0
3510,2608,4,5,3524.04,2618.432,24.0
3800,2607,2,3,3815.2,2617.428,12.0
3945,2611,2,3,3960.78,2621.444,12.0
3441,2606,1,2,3454.764,2616.424,6.0
3712,2607,3,4,3726.848,2617.428,18.0
3838,2608,2,3,3853.352,2618.432,12.0
3390,2610,4,5,3403.56,2620.44,24.0
3516,2606,1,2,3530.064,2616.424,6.0
3740,2608,2,3,3754.96,2618.432,12.0
3665,2614,4,5,3679.66,2624.456,24.0
3413,2613,4,5,3426.652,2623.452,24.0
3429,2613,2,3,3442.716,2623.452,12.0
3791,2613,1,2,3806.164,2623.452,6.0
3859,2615,1,2,3874.436,2625.46,6.0
3776,2620,1,2,3791.104,2630.48,6.0
3736,2621,1,2,3750.944,2631.484,6.0
3850,2634,2,3,3865.4,2644.536,12.0
3447,2619,1,2,3460.788,2629.476,6.0
3445,2620,1,2,3458.78,2630.48,6.0
3625,2624,1,2,3639.5,2634.496,6.0
3704,2628,3,4,3718.816,2638.512,18.0
3901,2626,2,3,3916.604,2636.504,12.0
3649,2639,3,4,3663.596,2649.556,18.0
3970,2626,1,2,3985.88,2636.504,6.0
3446,2629,1,2,3459.784,2639.516,6.0
3784,2629,1,2,3799.136,2639.516,6.0
3827,2630,1,2,3842.308,2640.52,6.0
3408,2631,3,4,3421.632,2641.524,18.0
3747,2631,3,4,3761.988,2641.524,18.0
3660,2633,1,2,3674.64,2643.532,6.0
3883,2633,1,2,3898.532,2643.532,6.0
3729,2639,1,2,3743.916,2649.556,6.0
3890,2646,1,2,3905.56,2656.584,6.0
3713,2638,1,2,3727.852,2648.552,6.0
3764,2638,2,3,3779.056,2648.552,12.0
3407,2643,2,3,3420.628,2653.572,12.0
3458,2641,1,2,3471.832,2651.564,6.0
3862,2641,3,4,3877.448,2651.564,18.0
3684,2648,3,4,3698.736,2658.592,18.0
3818,2646,1,2,3833.272,2656.584,6.0
3717,2651,2,3,3731.868,2661.604,12.0
3751,2649,1,2,3766.004,2659.596,6.0
3469,2647,3,4,3482.876,2657.588,18.0
3613,2656,2,3,3627.452,2666.624,12.0
4004,2654,2,3,4020.016,2664.616,12.0
3592,2668,3,4,3606.368,2678.672,18.0
3740,2653,1,2,3754.96,2663.612,6.0
3824,2660,3,4,3839.296,2670.64,18.0
3783,2659,2,3,3798.132,2669.636,12.0
3895,2658,2,3,3910.58,2668.632,12.0
3976,2662,1,2,3991.904,2672.648,6.0
3719,2664,1,2,3733.876,2674.656,6.0
3765,2665,1,2,3780.06,2675.66,6.0
4007,2665,1,2,4023.028,2675.66,6.0
3631,2662,4,5,3645.524,2672.648,24.0
3949,2671,1,2,3964.796,2681.684,6.0
3619,2670,1,2,3633.476,2680.68,6.0
3466,2669,1,2,3479.864,2679.676,6.0
3653,2670,2,3,3667.612,2680.68,12.0
3704,2669,1,2,3718.816,2679.676,6.0
3803,2673,2,3,3818.212,2683.692,12.0
3546,2678,1,2,3560.184,2688.712,6.0
3772,2679,1,2,3787.088,2689.716,6.0
3584,2682,1,2,3598.3360000000002,2692.728,6.0
3526,2682,1,2,3540.104,2692.728,6.0
3465,2681,4,5,3478.86,2691.724,24.0
3663,2682,1,2,3677.652,2692.728,6.0
3776,2684,1,2,3791.104,2694.736,6.0
3414,2683,4,5,3427.656,2693.732,24.0
3929,2683,1,2,3944.716,2693.732,6.0
3605,2683,1,2,3619.42,2693.732,6.0
3730,2691,1,2,3744.92,2701.764,6.0
3756,2684,1,2,3771.024,2694.736,6.0
3650,2685,1,2,3664.6,2695.7400000000002,6.0
3691,2684,1,2,3705.764,2694.736,6.0
3540,2686,2,3,3554.16,2696.744,12.0
3558,2693,3,4,3572.232,2703.772,18.0
3610,2690,1,2,3624.44,2700.76,6.0
3597,2693,2,3,3611.388,2703.772,12.0
2447,2691,1,2,2456.788,2701.764,6.0
3509,2693,3,4,3523.036,2703.772,18.0
3915,2695,1,2,3930.66,2705.78,6.0
3942,2692,1,2,3957.768,2702.768,6.0
3860,2704,3,4,3875.44,2714.816,18.0
3632,2696,1,2,3646.528,2706.784,6.0
3394,2698,2,3,3407.576,2708.792,12.0
3457,2697,2,3,3470.828,2707.788,12.0
3529,2699,1,2,3543.116,2709.796,6.0
3929,2702,1,2,3944.716,2712.808,6.0
3899,2701,1,2,3914.596,2711.804,6.0
3590,2715,2,3,3604.36,2725.86,12.0
3544,2705,3,4,3558.176,2715.82,18.0
3479,2703,2,3,3492.916,2713.812,12.0
3727,2705,1,2,3741.908,2715.82,6.0
3877,2711,3,4,3892.508,2721.844,18.0
3509,2710,3,4,3523.036,2720.84,18.0
3688,2710,1,2,3702.752,2720.84,6.0
3945,2713,2,3,3960.78,2723.852,12.0
3491,2714,3,4,3504.964,2724.856,18.0
3623,2714,1,2,3637.492,2724.856,6.0
3646,2714,1,2,3660.584,2724.856,6.0
3525,2725,3,4,3539.1,2735.9,18.0
3390,2716,1,2,3403.56,2726.864,6.0
3555,2721,1,2,3569.22,2731.884,6.0
3705,2722,1,2,3719.82,2732.888,6.0
3451,2718,2,3,3464.804,2728.872,12.0
3661,2723,2,3,3675.6440000000002,2733.892,12.0
2085,2719,1,2,2093.34,2729.876,6.0
3880,2719,1,2,3895.52,2729.876,6.0
3732,2721,1,2,3746.928,2731.884,6.0
3476,2723,1,2,3489.904,2733.892,6.0
3830,2731,1,2,3845.32,2741.924,6.0
3907,2731,1,2,3922.628,2741.924,6.0
3458,2731,1,2,3471.832,2741.924,6.0
3860,2742,2,3,3875.44,2752.968,12.0
3607,2739,2,3,3621.428,2749.956,12.0
2019,2734,1,2,2027.076,2744.936,6.0
3547,2736,1,2,3561.188,2746.944,6.0
3811,2738,2,3,3826.244,2748.952,12.0
2686,2738,1,2,2696.744,2748.952,6.0
3801,2738,1,2,3816.204,2748.952,6.0
3398,2742,1,2,3411.592,2752.968,6.0
3632,2748,2,3,3646.528,2758.992,12.0
3883,2746,1,2,3898.532,2756.984,6.0
3541,2747,2,3,3555.164,2757.988,12.0
3787,2743,2,3,3802.148,2753.972,12.0
3555,2747,1,2,3569.22,2757.988,6.0
3672,2749,1,2,3686.688,2759.996,6.0
3877,2749,1,2,3892.508,2759.996,6.0
3793,2750,1,2,3808.172,2761.0,6.0
3504,2752,2,3,3518.016,2763.008,12.0
3804,2761,1,2,3819.216,2772.044,6.0
3610,2763,2,3,3624.44,2774.052,12.0
3571,2759,2,3,3585.284,2770.036,12.0
3554,2763,3,4,3568.216,2774.052,18.0
3567,2777,2,3,3581.268,2788.108,12.0
3707,2768,3,4,3721.828,2779.072,18.0
3778,2767,2,3,3793.112,2778.068,12.0
3770,2787,3,4,3785.08,2798.148,18.0
3681,2779,1,2,3695.724,2790.116,6.0
3600,2780,1,2,3614.4,2791.12,6.0
3718,2785,2,3,3732.872,2796.14,12.0
3531,2788,2,3,3545.124,2799.152,12.0
3646,2792,2,3,3660.584,2803.168,12.0
3656,2795,1,2,3670.624,2806.18,6.0
3551,2797,1,2,3565.204,2808.188,6.0
3638,2797,1,2,3652.552,2808.188,6.0
3693,2803,2,3,3707.772,2814.212,12.0
3665,2804,2,3,3679.66,2815.216,12.0
3514,2800,1,2,3528.056,2811.2,6.0
3640,2806,3,4,3654.56,2817.224,18.0
3709,2816,2,3,3723.8360000000002,2827.264,12.0
3536,2814,1,2,3550.1440000000002,2825.256,6.0
3498,2823,3,4,3511.992,2834.292,18.0
3636,2821,1,2,3650.544,2832.284,6.0
3661,2832,2,3,3675.6440000000002,2843.328,12.0
3710,2832,1,2,3724.84,2843.328,6.0
3609,2832,1,2,3623.436,2843.328,6.0
3684,2833,1,2,3698.736,2844.332,6.0
3479,2833,1,2,3492.916,2844.332,6.0
3623,2837,2,3,3637.492,2848.348,12.0
3461,2841,3,4,3474.844,2852.364,18.0
3644,2843,4,5,3658.576,2854.372,24.0
3425,2854,3,4,3438.7,2865.416,18.0
3476,2846,1,2,3489.904,2857.384,6.0
3589,2850,2,3,3603.356,2861.4,12.0
3556,2851,2,3,3570.224,2862.404,12.0
3531,2858,1,2,3545.124,2869.432,6.0
3522,2880,2,3,3536.088,2891.52,12.0
3442,2863,1,2,3455.768,2874.452,6.0
3587,2869,1,2,3601.348,2880.476,6.0
3395,2887,3,4,3408.58,2898.5480000000002,18.0
3372,2888,1,2,3385.488,2899.552,6.0
3540,2888,1,2,3554.16,2899.552,6.0
3705,2901,1,2,3719.82,2912.604,6.0
3428,2913,3,4,3441.712,2924.652,18.0
3579,2903,3,4,3593.316,2914.612,18.0
3357,2919,2,3,3370.428,2930.676,12.0
3570,2911,1,2,3584.28,2922.6440000000002,6.0
3312,2911,2,3,3325.248,2922.6440000000002,12.0
3466,2913,1,2,3479.864,2924.652,6.0
3556,2915,2,3,3570.224,2926.66,12.0
3306,2938,3,4,3319.224,2949.752,18.0
3446,2921,1,2,3459.784,2932.684,6.0
3456,2922,1,2,3469.824,2933.688,6.0
3401,2932,2,3,3414.604,2943.728,12.0
3551,2932,1,2,3565.204,2943.728,6.0
3352,2935,2,3,3365.408,2946.7400000000002,12.0
3311,2963,3,4,3324.244,2974.852,18.0
3338,2975,3,4,3351.352,2986.9,18.0
3275,2966,2,3,3288.1,2977.864,12.0
3354,2976,2,3,3367.416,2987.904,12.0
3368,2977,1,2,3381.472,2988.908,6.0
3472,2978,1,2,3485.888,2989.912,6.0
3463,2980,1,2,3476.852,2991.92,6.0
3451,2983,2,3,3464.804,2994.932,12.0
3250,2989,1,2,3263.0,3000.956,6.0
3246,3011,3,4,3258.984,3023.044,18.0
3267,3033,3,4,3280.068,3045.132,18.0
3224,2996,2,3,3236.896,3007.984,12.0
3408,3001,1,2,3421.632,3013.004,6.0
3470,3002,1,2,3483.88,3014.008,6.0
3407,3015,1,2,3420.628,3027.06,6.0
3361,3015,1,2,3374.444,3027.06,6.0
3196,3020,2,3,3208.784,3032.08,12.0
3263,3017,1,2,3276.052,3029.068,6.0
3349,3022,1,2,3362.396,3034.088,6.0
3305,3037,3,4,3318.22,3049.148,18.0
3176,3064,3,4,3188.704,3076.256,18.0
3385,3027,1,2,3398.54,3039.108,6.0
3259,3030,1,2,3272.036,3042.12,6.0
3230,3038,1,2,3242.92,3050.152,6.0
3343,3041,4,5,3356.372,3053.164,24.0
3360,3046,1,2,3373.44,3058.184,6.0
3178,3049,1,2,3190.712,3061.196,6.0
3177,3050,1,2,3189.708,3062.2,6.0
3158,3061,1,2,3170.632,3073.244,6.0
3307,3055,1,2,3320.228,3067.22,6.0
3277,3084,4,5,3290.108,3096.336,24.0
3222,3074,3,4,3234.888,3086.296,18.0
3323,3063,2,3,3336.292,3075.252,12.0
3171,3096,3,4,3183.684,3108.384,18.0
3138,3077,1,2,3150.552,3089.308,6.0
3348,3080,1,2,3361.392,3092.32,6.0
3262,3085,2,3,3275.0480000000002,3097.34,12.0
3226,3098,1,2,3238.904,3110.392,6.0
3243,3090,4,5,3255.972,3102.36,24.0
3201,3106,3,4,3213.804,3118.424,18.0
3119,3102,2,3,3131.476,3114.408,12.0
3095,3113,1,2,3107.38,3125.452,6.0
3110,3114,1,2,3122.44,3126.456,6.0
3277,3113,2,3,3290.108,3125.452,12.0
3174,3118,1,2,3186.696,3130.472,6.0
3255,3126,1,2,3268.02,3138.504,6.0
3194,3123,1,2,3206.776,3135.492,6.0
3191,3144,3,4,3203.764,3156.576,18.0
3106,3127,2,3,3118.424,3139.508,12.0
3152,3130,3,4,3164.608,3142.52,18.0
3070,3137,1,2,3082.28,3149.5480000000002,6.0
3113,3139,2,3,3125.452,3151.556,12.0
3220,3145,3,4,3232.88,3157.58,18.0
3130,3140,1,2,3142.52,3152.56,6.0
3292,3140,1,2,3305.168,3152.56,6.0
3159,3142,1,2,3171.636,3154.568,6.0
3256,3143,1,2,3269.024,3155.572,6.0
3084,3151,3,4,3096.336,3163.604,18.0
3139,3148,1,2,3151.556,3160.592,6.0
3254,3154,2,3,3267.016,3166.616,12.0
3236,3149,3,4,3248.944,3161.596,18.0
3166,3164,2,3,3178.664,3176.656,12.0
3142,3158,1,2,3154.568,3170.632,6.0
3303,3161,1,2,3316.212,3173.6440000000002,6.0
3128,3165,1,2,3140.512,3177.66,6.0
3212,3159,1,2,3224.848,3171.636,6.0
3253,3162,1,2,3266.012,3174.648,6.0
3235,3168,1,2,3247.94,3180.672,6.0
3148,3169,3,4,3160.592,3181.676,18.0
3279,3165,1,2,3292.116,3177.66,6.0
3322,3167,1,2,3335.288,3179.668,6.0
3212,3171,2,3,3224.848,3183.684,12.0
3180,3174,3,4,3192.72,3186.696,18.0
3026,3185,3,4,3038.104,3197.7400000000002,18.0
3109,3184,2,3,3121.436,3196.736,12.0
3168,3180,2,3,3180.672,3192.72,12.0
3228,3182,1,2,3240.912,3194.728,6.0
3191,3183,2,3,3203.764,3195.732,12.0
3059,3196,2,3,3071.236,3208.784,12.0
3147,3186,2,3,3159.588,3198.744,12.0
3168,3194,1,2,3180.672,3206.776,6.0
3200,3194,1,2,3212.8,3206.776,6.0
3131,3197,1,2,3143.524,3209.788,6.0
3216,3193,2,3,3228.864,3205.772,12.0
3156,3204,1,2,3168.624,3216.816,6.0
2982,3216,2,3,2993.928,3228.864,12.0
3084,3212,1,2,3096.336,3224.848,6.0
4057,3210,1,2,4073.228,3222.84,6.0
3064,3213,1,2,3076.256,3225.852,6.0
3150,3216,1,2,3162.6,3228.864,6.0
2630,3218,1,2,2640.52,3230.872,6.0
3097,3221,1,2,3109.388,3233.884,6.0
2975,3237,1,2,2986.9,3249.948,6.0
2942,3242,1,2,2953.768,3254.968,6.0
2931,3247,1,2,2942.724,3259.988,6.0
2009,3646,2,3,2017.036,3660.584,12.0
2641,3658,1,2,2651.564,3672.632,6.0
2568,3785,1,2,2578.272,3800.14,6.0
3366,4054,1,2,3379.464,4070.216,6.0
2003,4520,1,2,2011.012,4538.08,6.0
1707,4726,1,2,1713.828,4744.904,6.0
2966,4864,1,2,2977.864,4883.456,6.0
3036,5090,1,2,3048.1440000000002,5110.36,6.0
4403,5229,1,2,4420.612,5249.916,6.0
4446,5281,1,2,4463.784,5302.124,6.0
4460,5283,1,2,4477.84,5304.132,6.0
10760,5599,1,2,10803.04,5621.396,6.0
5066,5865,1,2,5086.264,5888.46,6.0
8952,6259,1,2,8987.808,6284.036,6.0
2238,6451,1,2,2246.952,6476.804,6.0
5075,6474,1,2,5095.3,6499.896,6.0
4218,1599,3,4,4234.872,1605.396,18.0
4300,1603,2,3,4317.2,1609.412,12.0
4258,1619,4,5,4275.032,1625.476,24.0
4221,1645,4,5,4237.884,1651.58,24.0
4177,1672,3,4,4193.708,1678.688,18.0
4155,1675,2,3,4171.62,1681.7,12.0
4084,1688,3,4,4100.336,1694.752,18.0
4073,1691,2,3,4089.292,1697.764,12.0
4058,1724,4,5,4074.232,1730.896,24.0
4055,1778,4,5,4071.22,1785.112,24.0
3985,1782,2,3,4000.94,1789.128,12.0
4005,1780,5,6,4021.02,1787.1200000000001,30.0
4020,1811,2,3,4036.08,1818.244,12.0
3991,1851,5,6,4006.964,1858.404,30.0
3819,1856,2,3,3834.276,1863.424,12.0
4002,1862,2,3,4018.008,1869.448,12.0
3698,1890,2,3,3712.792,1897.56,12.0
4285,1891,2,3,4302.14,1898.564,12.0
3817,1892,2,3,3832.268,1899.568,12.0
3775,1894,2,3,3790.1,1901.576,12.0
3403,1895,2,3,3416.612,1902.58,12.0
3143,1905,3,4,3155.572,1912.6200000000001,18.0
4059,1908,2,3,4075.236,1915.632,12.0
4024,1909,4,5,4040.096,1916.636,24.0
3568,1914,5,6,3582.272,1921.656,30.0
3288,1918,2,3,3301.152,1925.672,12.0
3757,1920,3,4,3772.028,1927.68,18.0
3539,1923,3,4,3553.156,1930.692,18.0
3402,1928,2,3,3415.608,1935.712,12.0
3636,1938,4,5,3650.544,1945.752,24.0
3682,1938,2,3,3696.728,1945.752,12.0
3372,1945,4,5,3385.488,1952.78,24.0
3656,1950,2,3,3670.624,1957.8,12.0
4045,1950,3,4,4061.18,1957.8,18.0
3475,1955,2,3,3488.9,1962.82,12.0
4056,1968,2,3,4072.224,1975.872,12.0
6176,1974,2,3,6200.704,1981.896,12.0
4049,1976,2,3,4065.196,1983.904,12.0
4025,1979,4,5,4041.1,1986.916,24.0
3346,1981,3,4,3359.384,1988.924,18.0
4017,1987,2,3,4033.068,1994.948,12.0
3365,1991,2,3,3378.46,1998.964,12.0
3982,1991,2,3,3997.928,1998.964,12.0
3364,2013,4,5,3377.456,2021.052,24.0
4012,2018,3,4,4028.0480000000002,2026.0720000000001,18.0
3341,2040,2,3,3354.364,2048.16,12.0
3433,2041,2,3,3446.732,2049.164,12.0
4030,2055,2,3,4046.12,2063.22,12.0
3372,2077,5,6,3385.488,2085.308,30.0
3363,2090,3,4,3376.452,2098.36,18.0
3338,2110,2,3,3351.352,2118.44,12.0
3334,2130,2,3,3347.336,2138.52,12.0
4092,2169,2,3,4108.368,2177.676,12.0
4081,2174,4,5,4097.324,2182.696,24.0
4052,2180,2,3,4068.208,2188.72,12.0
3563,2208,4,5,3577.252,2216.832,24.0
4044,2209,2,3,4060.176,2217.836,12.0
3706,2208,2,3,3720.824,2216.832,12.0
4050,2208,4,5,4066.2,2216.832,24.0
3381,2215,2,3,3394.524,2223.86,12.0
4041,2241,4,5,4057.164,2249.964,24.0
4067,2245,2,3,4083.268,2253.98,12.0
4766,2246,2,3,4785.064,2254.984,12.0
3673,2249,2,3,3687.692,2257.996,12.0
10410,2248,2,3,10451.64,2256.992,12.0
3492,2268,2,3,3505.968,2277.072,12.0
3541,2310,4,5,3555.164,2319.24,24.0
4000,2306,2,3,4016.0,2315.224,12.0
4028,2306,4,5,4044.112,2315.224,24.0
3587,2321,2,3,3601.348,2330.284,12.0
3425,2322,3,4,3438.7,2331.288,18.0
3521,2335,2,3,3535.084,2344.34,12.0
3426,2338,2,3,3439.704,2347.352,12.0
3414,2340,4,5,3427.656,2349.36,24.0
3427,2347,4,5,3440.708,2356.388,24.0
3435,2382,5,6,3448.7400000000002,2391.528,30.0
3959,2410,4,5,3974.8360000000002,2419.64,24.0
3476,2410,2,3,3489.904,2419.64,12.0
3732,2416,2,3,3746.928,2425.664,12.0
3921,2446,2,3,3936.684,2455.784,12.0
3943,2448,5,6,3958.772,2457.792,30.0
3964,2459,2,3,3979.856,2468.836,12.0
3412,2460,4,5,3425.648,2469.84,24.0
3426,2466,2,3,3439.704,2475.864,12.0
3902,2474,2,3,3917.608,2483.896,12.0
3878,2476,2,3,3893.512,2485.904,12.0
3418,2487,3,4,3431.672,2496.948,18.0
3899,2491,2,3,3914.596,2500.964,12.0
3455,2497,3,4,3468.82,2506.988,18.0
3422,2502,2,3,3435.688,2512.008,12.0
3567,2512,2,3,3581.268,2522.0480000000002,12.0
8022,2521,2,3,8054.088,2531.084,12.0
3427,2536,3,4,3440.708,2546.1440000000002,18.0
3893,2545,3,4,3908.572,2555.18,18.0
4089,2576,2,3,4105.356,2586.304,12.0
3506,2613,2,3,3520.024,2623.452,12.0
3449,2616,3,4,3462.796,2626.464,18.0
3468,2616,2,3,3481.872,2626.464,12.0
10038,2642,2,3,10078.152,2652.568,12.0
3646,2658,3,4,3660.584,2668.632,18.0
3844,2666,2,3,3859.376,2676.664,12.0
3472,2671,3,4,3485.888,2681.684,18.0
3440,2683,5,6,3453.76,2693.732,30.0
3653,2684,2,3,3667.612,2694.736,12.0
3785,2706,3,4,3800.14,2716.824,18.0
3902,2715,2,3,3917.608,2725.86,12.0
3444,2723,3,4,3457.776,2733.892,18.0
3866,2723,2,3,3881.464,2733.892,12.0
3636,2728,2,3,3650.544,2738.912,12.0
3672,2734,2,3,3686.688,2744.936,12.0
2707,2738,2,3,2717.828,2748.952,12.0
3513,2804,2,3,3527.052,2815.216,12.0
3752,2807,3,4,3767.008,2818.228,18.0
3355,2898,3,4,3368.42,2909.592,18.0
3425,3003,3,4,3438.7,3015.012,18.0
3446,3005,2,3,3459.784,3017.02,12.0
3370,3037,2,3,3383.48,3049.148,12.0
3382,3064,2,3,3395.528,3076.256,12.0
3317,3071,2,3,3330.268,3083.284,12.0
3402,3095,2,3,3415.608,3107.38,12.0
3171,3130,2,3,3183.684,3142.52,12.0
3284,3154,2,3,3297.136,3166.616,12.0
3137,3159,3,4,3149.5480000000002,3171.636,18.0
3255,3172,2,3,3268.02,3184.688,12.0
3164,3214,2,3,3176.656,3226.856,12.0
8860,3339,2,3,8895.44,3352.356,12.0
3134,3346,2,3,3146.536,3359.384,12.0
2358,3358,2,3,2367.432,3371.432,12.0
1497,3388,2,3,1502.988,3401.552,12.0
6447,3651,3,4,6472.7880000000005,3665.604,18.0
11433,3680,2,3,11478.732,3694.72,12.0
2953,3778,2,3,2964.812,3793.112,12.0
3306,4070,2,3,3319.224,4086.28,12.0
11179,4330,2,3,11223.716,4347.32,12.0
10959,4466,2,3,11002.836,4483.864,12.0
1774,4544,2,3,1781.096,4562.176,12.0
1522,4567,3,4,1528.088,4585.268,18.0
1756,4589,2,3,1763.0240000000001,4607.356,12.0
1407,4662,2,3,1412.628,4680.648,12.0
1429,4695,2,3,1434.716,4713.78,12.0
1780,4722,2,3,1787.1200000000001,4740.888,12.0
1610,4910,3,4,1616.44,4929.64,18.0
1648,5002,2,3,1654.592,5022.008,12.0
1448,5187,2,3,1453.792,5207.748,12.0
8596,5327,3,4,8630.384,5348.308,18.0
1542,5528,2,3,1548.168,5550.112,12.0
4964,5656,2,3,4983.856,5678.624,12.0
8282,5668,2,3,8315.128,5690.672,12.0
11088,5721,2,3,11132.352,5743.884,12.0
5063,6495,2,3,5083.252,6520.9800000000005,12.0
2384,1093,3,4,2393.536,1097.372,18.0
4353,1546,4,5,4370.412,1552.184,24.0
4340,1552,4,5,4357.36,1558.208,24.0
4205,1604,5,6,4221.82,1610.416,30.0
4238,1624,4,5,4254.952,1630.496,24.0
4062,1683,5,6,4078.248,1689.732,30.0
4042,1688,5,6,4058.168,1694.752,30.0
4103,1699,5,6,4119.412,1705.796,30.0
4003,1709,5,6,4019.012,1715.836,30.0
4148,1720,3,4,4164.592,1726.88,18.0
4215,1728,3,4,4231.86,1734.912,18.0
4153,1733,3,4,4169.612,1739.932,18.0
4053,1744,4,5,4069.212,1750.976,24.0
4091,1747,5,6,4107.364,1753.988,30.0
3929,1763,4,5,3944.716,1770.052,24.0
3963,1785,4,5,3978.852,1792.14,24.0
3957,1797,3,4,3972.828,1804.188,18.0
3970,1809,3,4,3985.88,1816.236,18.0
4058,1811,3,4,4074.232,1818.244,18.0
4040,1822,3,4,4056.16,1829.288,18.0
4069,1824,5,6,4085.276,1831.296,30.0
4019,1839,4,5,4035.076,1846.356,24.0
3817,1859,4,5,3832.268,1866.436,24.0
3804,1872,5,6,3819.216,1879.488,30.0
4002,1877,5,6,4018.008,1884.508,30.0
3283,1884,3,4,3296.132,1891.536,18.0
3822,1896,5,6,3837.288,1903.584,30.0
3438,1892,3,4,3451.752,1899.568,18.0
4050,1893,3,4,4066.2,1900.5720000000001,18.0
3674,1895,3,4,3688.696,1902.58,18.0
4036,1903,5,6,4052.1440000000002,1910.612,30.0
3581,1905,3,4,3595.324,1912.6200000000001,18.0
3998,1908,4,5,4013.992,1915.632,24.0
3448,1914,3,4,3461.792,1921.656,18.0
3622,1918,3,4,3636.488,1925.672,18.0
3680,1919,3,4,3694.72,1926.676,18.0
4062,1920,3,4,4078.248,1927.68,18.0
3733,1920,3,4,3747.932,1927.68,18.0
3470,1921,3,4,3483.88,1928.684,18.0
4006,1925,3,4,4022.024,1932.7,18.0
3486,1929,4,5,3499.944,1936.716,24.0
3708,1933,4,5,3722.832,1940.732,24.0
3789,1930,3,4,3804.156,1937.72,18.0
3969,1934,3,4,3984.876,1941.736,18.0
9884,1944,3,4,9923.536,1951.776,18.0
3392,1947,3,4,3405.568,1954.788,18.0
3355,1952,4,5,3368.42,1959.808,24.0
3668,1956,5,6,3682.672,1963.824,30.0
3358,1972,5,6,3371.432,1979.888,30.0
5487,1964,3,4,5508.948,1971.856,18.0
3336,1965,3,4,3349.344,1972.86,18.0
4057,1971,3,4,4073.228,1978.884,18.0
2958,1980,3,4,2969.832,1987.92,18.0
4047,2027,5,6,4063.188,2035.108,30.0
3400,2030,4,5,3413.6,2038.1200000000001,24.0
3342,2033,4,5,3355.368,2041.132,24.0
2940,2046,4,5,2951.76,2054.184,24.0
3340,2047,4,5,3353.36,2055.188,24.0
3376,2057,5,6,3389.504,2065.228,30.0
3596,2083,3,4,3610.384,2091.332,18.0
3368,2096,5,6,3381.472,2104.384,30.0
4070,2108,3,4,4086.28,2116.432,18.0
4093,2113,3,4,4109.372,2121.452,18.0
3321,2131,4,5,3334.284,2139.524,24.0
3356,2140,5,6,3369.424,2148.56,30.0
3986,2147,3,4,4001.944,2155.588,18.0
3369,2146,5,6,3382.476,2154.584,30.0
3387,2160,3,4,3400.5480000000002,2168.64,18.0
3356,2167,4,5,3369.424,2175.668,24.0
3893,2182,4,5,3908.572,2190.728,24.0
3380,2192,5,6,3393.52,2200.768,30.0
4069,2200,5,6,4085.276,2208.8,30.0
3384,2248,5,6,3397.536,2256.992,30.0
4039,2263,4,5,4055.156,2272.052,24.0
3413,2271,4,5,3426.652,2280.084,24.0
4007,2282,4,5,4023.028,2291.128,24.0
4035,2287,5,6,4051.14,2296.148,30.0
3376,2309,4,5,3389.504,2318.236,24.0
4042,2326,4,5,4058.168,2335.304,24.0
3995,2359,3,4,4010.98,2368.436,18.0
3916,2367,5,6,3931.664,2376.468,30.0
3398,2367,4,5,3411.592,2376.468,24.0
3423,2370,3,4,3436.692,2379.48,18.0
4036,2374,3,4,4052.1440000000002,2383.496,18.0
3376,2376,3,4,3389.504,2385.504,18.0
3381,2410,5,6,3394.524,2419.64,30.0
3415,2408,4,5,3428.66,2417.632,24.0
3406,2422,3,4,3419.624,2431.688,18.0
3992,2443,3,4,4007.968,2452.772,18.0
3959,2462,5,6,3974.8360000000002,2471.848,30.0
3883,2471,4,5,3898.532,2480.884,24.0
3577,2473,4,5,3591.308,2482.892,24.0
3406,2478,3,4,3419.624,2487.912,18.0
3930,2483,3,4,3945.72,2492.932,18.0
3435,2512,3,4,3448.7400000000002,2522.0480000000002,18.0
3792,2508,3,4,3807.168,2518.032,18.0
3871,2568,5,6,3886.484,2578.272,30.0
3413,2578,3,4,3426.652,2588.312,18.0
3427,2584,3,4,3440.708,2594.336,18.0
3764,2588,3,4,3779.056,2598.352,18.0
4089,2590,3,4,4105.356,2600.36,18.0
3731,2612,3,4,3745.924,2622.448,18.0
3440,2614,3,4,3453.76,2624.456,18.0
3376,2617,3,4,3389.504,2627.468,18.0
3442,2627,4,5,3455.768,2637.508,24.0
3466,2629,5,6,3479.864,2639.516,30.0
3941,2635,4,5,3956.764,2645.54,24.0
3444,2644,5,6,3457.776,2654.576,30.0
3988,2665,3,4,4003.952,2675.66,18.0
3844,2687,4,5,3859.376,2697.748,24.0
3573,2712,4,5,3587.292,2722.848,24.0
3396,2712,4,5,3409.584,2722.848,24.0
3629,2728,3,4,3643.516,2738.912,18.0
3681,2730,4,5,3695.724,2740.92,24.0
3423,2731,3,4,3436.692,2741.924,18.0
3462,2749,3,4,3475.848,2759.996,18.0
3523,2761,3,4,3537.092,2772.044,18.0
3534,2802,3,4,3548.136,2813.208,18.0
3498,2808,5,6,3511.992,2819.232,30.0
3598,2831,3,4,3612.392,2842.324,18.0
3550,2884,3,4,3564.2,2895.536,18.0
3600,2885,4,5,3614.4,2896.54,24.0
3356,3044,3,4,3369.424,3056.176,18.0
3340,3069,4,5,3353.36,3081.276,24.0
3195,3095,5,6,3207.78,3107.38,30.0
3120,3131,4,5,3132.48,3143.524,24.0
3280,3136,5,6,3293.12,3148.544,30.0
3114,3135,3,4,3126.456,3147.54,18.0
3068,3144,4,5,3080.272,3156.576,24.0
3126,3143,4,5,3138.504,3155.572,24.0
3108,3159,3,4,3120.432,3171.636,18.0
3091,3174,4,5,3103.364,3186.696,24.0
3033,3197,4,5,3045.132,3209.788,24.0
3141,3202,3,4,3153.564,3214.808,18.0
8844,3203,3,4,8879.376,3215.812,18.0
2358,3230,3,4,2367.432,3242.92,18.0
2786,3552,3,4,2797.1440000000002,3566.208,18.0
6409,3649,5,6,6434.636,3663.596,30.0
2702,3821,3,4,2712.808,3836.284,18.0
3405,4022,3,4,3418.62,4038.088,18.0
3006,4051,3,4,3018.024,4067.204,18.0
2008,4138,3,4,2016.032,4154.552,18.0
1908,4179,3,4,1915.632,4195.716,18.0
1888,4304,3,4,1895.552,4321.216,18.0
4412,4374,3,4,4429.648,4391.496,18.0
11205,4379,3,4,11249.82,4396.516,18.0
11258,4478,3,4,11303.032,4495.912,18.0
1516,4480,3,4,1522.064,4497.92,18.0
1784,4486,3,4,1791.136,4503.944,18.0
2928,4502,3,4,2939.712,4520.008,18.0
1460,4506,3,4,1465.84,4524.024,18.0
1713,4574,3,4,1719.852,4592.296,18.0
1678,4579,4,5,1684.712,4597.316,24.0
1410,4636,3,4,1415.64,4654.544,18.0
1397,4640,3,4,1402.588,4658.56,18.0
1392,4706,3,4,1397.568,4724.824,18.0
1330,4758,3,4,1335.32,4777.032,18.0
3487,4991,3,4,3500.948,5010.964,18.0
11135,5038,3,4,11179.54,5058.152,18.0
1680,5076,3,4,1686.72,5096.304,18.0
1412,5116,3,4,1417.648,5136.464,18.0
1442,5283,3,4,1447.768,5304.132,18.0
4878,5456,3,4,4897.512,5477.824,18.0
10516,6248,3,4,10558.064,6272.992,18.0
10212,6250,3,4,10252.848,6275.0,18.0
10532,6256,3,4,10574.128,6281.024,18.0
1984,6339,3,4,1991.936,6364.356,18.0
2340,6511,3,4,2349.36,6537.044,18.0
3017,6869,3,4,3029.068,6896.476,18.0
4934,6986,3,4,4953.736,7013.944,18.0
5223,1455,5,6,5243.892,1460.82,30.0
4376,1540,4,5,4393.504,1546.16,24.0
4336,1578,4,5,4353.344,1584.312,24.0
4248,1597,5,6,4264.992,1603.388,30.0
4252,1614,4,5,4269.008,1620.456,24.0
4173,1616,5,6,4189.692,1622.464,30.0
4190,1621,4,5,4206.76,1627.484,24.0
4189,1623,4,5,4205.756,1629.492,24.0
4050,1669,5,6,4066.2,1675.676,30.0
4163,1697,5,6,4179.652,1703.788,30.0
3990,1699,5,6,4005.96,1705.796,30.0
3999,1724,4,5,4014.996,1730.896,24.0
4072,1735,5,6,4088.288,1741.94,30.0
4131,1748,4,5,4147.524,1754.992,24.0
4116,1765,5,6,4132.464,1772.06,30.0
3994,1777,4,5,4009.976,1784.108,24.0
4102,1779,5,6,4118.408,1786.116,30.0
4059,1810,4,5,4075.236,1817.24,24.0
3825,1817,4,5,3840.3,1824.268,24.0
4010,1862,5,6,4026.04,1869.448,30.0
4072,1865,4,5,4088.288,1872.46,24.0
3776,1884,5,6,3791.104,1891.536,30.0
3320,1880,4,5,3333.28,1887.52,24.0
3291,1881,4,5,3304.164,1888.5240000000001,24.0
4002,1890,4,5,4018.008,1897.56,24.0
4096,1889,4,5,4112.384,1896.556,24.0
3662,1895,4,5,3676.648,1902.58,24.0
3765,1900,5,6,3780.06,1907.6,30.0
3748,1907,4,5,3762.992,1914.628,24.0
3383,1910,4,5,3396.532,1917.64,24.0
3474,1910,4,5,3487.896,1917.64,24.0
4011,1910,4,5,4027.044,1917.64,24.0
3640,1918,4,5,3654.56,1925.672,24.0
3648,1919,4,5,3662.592,1926.676,24.0
4018,1928,4,5,4034.072,1935.712,24.0
3652,1930,4,5,3666.608,1937.72,24.0
3382,1931,4,5,3395.528,1938.724,24.0
3665,1938,5,6,3679.66,1945.752,30.0
4069,1942,4,5,4085.276,1949.768,24.0
3960,1956,4,5,3975.84,1963.824,24.0
4045,1966,4,5,4061.18,1973.864,24.0
2984,1966,4,5,2995.936,1973.864,24.0
3957,1968,4,5,3972.828,1975.872,24.0
3377,1976,4,5,3390.508,1983.904,24.0
4056,2004,5,6,4072.224,2012.016,30.0
4027,2013,5,6,4043.108,2021.052,30.0
3336,2016,4,5,3349.344,2024.064,24.0
3352,2023,4,5,3365.408,2031.092,24.0
3396,2033,4,5,3409.584,2041.132,24.0
3981,2035,4,5,3996.924,2043.14,24.0
4026,2040,5,6,4042.104,2048.16,30.0
4064,2046,4,5,4080.256,2054.184,24.0
3416,2066,4,5,3429.664,2074.264,24.0
3791,2077,4,5,3806.164,2085.308,24.0
4016,2080,5,6,4032.064,2088.32,30.0
3417,2079,5,6,3430.668,2087.316,30.0
3281,2079,4,5,3294.124,2087.316,24.0
4072,2084,5,6,4088.288,2092.336,30.0
3311,2085,6,7,3324.244,2093.34,36.0
4033,2094,5,6,4049.132,2102.376,30.0
3348,2101,4,5,3361.392,2109.404,24.0
3363,2106,5,6,3376.452,2114.424,30.0
3747,2105,6,7,3761.988,2113.42,36.0
3363,2120,4,5,3376.452,2128.48,24.0
3380,2126,5,6,3393.52,2134.504,30.0
3368,2133,5,6,3381.472,2141.532,30.0
4164,2151,5,6,4180.656,2159.604,30.0
3381,2157,5,6,3394.524,2165.628,30.0
3346,2160,4,5,3359.384,2168.64,24.0
3395,2170,4,5,3408.58,2178.68,24.0
3606,2168,6,7,3620.424,2176.672,36.0
3357,2207,5,6,3370.428,2215.828,30.0
3590,2207,5,6,3604.36,2215.828,30.0
3710,2220,5,6,3724.84,2228.88,30.0
4060,2242,5,6,4076.2400000000002,2250.968,30.0
3574,2254,4,5,3588.296,2263.016,24.0
3349,2259,4,5,3362.396,2268.036,24.0
4055,2260,4,5,4071.22,2269.04,24.0
10415,2262,4,5,10456.66,2271.0480000000002,24.0
3832,2268,4,5,3847.328,2277.072,24.0
4073,2273,6,7,4089.292,2282.092,36.0
3405,2300,5,6,3418.62,2309.2,30.0
3862,2305,5,6,3877.448,2314.22,30.0
3560,2313,6,7,3574.2400000000002,2322.252,36.0
3446,2319,5,6,3459.784,2328.276,30.0
3414,2320,4,5,3427.656,2329.28,24.0
4015,2352,4,5,4031.06,2361.408,24.0
3706,2352,4,5,3720.824,2361.408,24.0
3435,2356,5,6,3448.7400000000002,2365.424,30.0
3443,2373,4,5,3456.772,2382.492,24.0
3403,2392,5,6,3416.612,2401.568,30.0
3824,2389,4,5,3839.296,2398.556,24.0
3485,2392,4,5,3498.94,2401.568,24.0
3358,2406,4,5,3371.432,2415.624,24.0
3430,2407,5,6,3443.72,2416.628,30.0
3670,2420,4,5,3684.68,2429.68,24.0
3837,2433,4,5,3852.348,2442.732,24.0
3415,2441,5,6,3428.66,2450.764,30.0
3382,2453,5,6,3395.528,2462.812,30.0
3433,2477,6,7,3446.732,2486.908,36.0
3597,2483,5,6,3611.388,2492.932,30.0
3435,2498,4,5,3448.7400000000002,2507.992,24.0
3443,2523,5,6,3456.772,2533.092,30.0
3411,2538,5,6,3424.6440000000002,2548.152,30.0
3647,2573,5,6,3661.588,2583.292,30.0
4073,2585,5,6,4089.292,2595.34,30.0
3439,2604,5,6,3452.756,2614.416,30.0
3750,2601,5,6,3765.0,2611.404,30.0
3405,2601,4,5,3418.62,2611.404,24.0
3686,2619,4,5,3700.744,2629.476,24.0
3911,2621,4,5,3926.6440000000002,2631.484,24.0
3955,2629,4,5,3970.82,2639.516,24.0
3428,2630,4,5,3441.712,2640.52,24.0
3792,2638,4,5,3807.168,2648.552,24.0
4020,2638,4,5,4036.08,2648.552,24.0
3727,2651,5,6,3741.908,2661.604,30.0
3796,2654,4,5,3811.184,2664.616,24.0
3479,2685,5,6,3492.916,2695.7400000000002,30.0
3451,2692,4,5,3464.804,2702.768,24.0
3470,2697,5,6,3483.88,2707.788,30.0
3901,2700,4,5,3916.604,2710.8,24.0
3526,2706,5,6,3540.104,2716.824,30.0
3709,2711,4,5,3723.8360000000002,2721.844,24.0
3720,2723,5,6,3734.88,2733.892,30.0
2580,2748,4,5,2590.32,2758.992,24.0
2599,2748,4,5,2609.396,2758.992,24.0
3746,2758,4,5,3760.984,2769.032,24.0
3661,2812,4,5,3675.6440000000002,2823.248,24.0
3447,2871,5,6,3460.788,2882.484,30.0
3486,2893,4,5,3499.944,2904.572,24.0
3542,2928,5,6,3556.168,2939.712,30.0
3331,2939,4,5,3344.324,2950.756,24.0
3468,2968,5,6,3481.872,2979.872,30.0
3266,2988,4,5,3279.064,2999.952,24.0
3442,2998,4,5,3455.768,3009.992,24.0
3394,3014,4,5,3407.576,3026.056,24.0
3378,3027,4,5,3391.512,3039.108,24.0
3334,3080,4,5,3347.336,3092.32,24.0
3323,3085,4,5,3336.292,3097.34,24.0
3334,3106,4,5,3347.336,3118.424,24.0
3223,3155,4,5,3235.892,3167.62,24.0
3131,3160,5,6,3143.524,3172.64,30.0
3262,3176,4,5,3275.0480000000002,3188.704,24.0
2408,3278,4,5,2417.632,3291.112,24.0
2276,3319,4,5,2285.104,3332.276,24.0
2679,3762,4,5,2689.716,3777.0480000000002,24.0
3602,3886,4,5,3616.408,3901.544,24.0
3190,4143,4,5,3202.76,4159.572,24.0
1740,4315,4,5,1746.96,4332.26,24.0
11058,4405,4,5,11102.232,4422.62,24.0
1784,4532,4,5,1791.136,4550.128,24.0
1686,4590,4,5,1692.744,4608.36,24.0
1394,4609,4,5,1399.576,4627.436,24.0
1379,4611,4,5,1384.516,4629.444,24.0
1697,4635,4,5,1703.788,4653.54,24.0
1607,4655,4,5,1613.428,4673.62,24.0
1764,4664,4,5,1771.056,4682.656,24.0
1777,4672,4,5,1784.108,4690.688,24.0
1540,4753,4,5,1546.16,4772.012,24.0
1421,4765,5,6,1426.684,4784.06,30.0
1368,4782,4,5,1373.472,4801.128,24.0
1942,5054,4,5,1949.768,5074.216,24.0
4379,5155,4,5,4396.516,5175.62,24.0
1938,5173,4,5,1945.752,5193.692,24.0
1545,5184,4,5,1551.18,5204.736,24.0
1428,5187,4,5,1433.712,5207.748,24.0
8401,5248,4,5,8434.604,5268.992,24.0
4448,5294,4,5,4465.792,5315.176,24.0
1536,5489,4,5,1542.144,5510.956,24.0
1862,5705,4,5,1869.448,5727.82,24.0
11123,5743,4,5,11167.492,5765.972,24.0
4761,5917,4,5,4780.044,5940.668,24.0
10709,6032,4,5,10751.836,6056.128,24.0
1781,6187,4,5,1788.124,6211.748,24.0
10380,6358,4,5,10421.52,6383.432,24.0
3036,6898,4,5,3048.1440000000002,6925.592,24.0
7746,1356,5,6,7776.984,1361.424,30.0
5057,1455,5,6,5077.228,1460.82,30.0
4408,1527,5,6,4425.632,1533.108,30.0
4324,1545,6,7,4341.296,1551.18,36.0
4318,1578,5,6,4335.272,1584.312,30.0
4197,1633,6,7,4213.7880000000005,1639.532,36.0
4167,1657,5,6,4183.668,1663.628,30.0
4072,1671,6,7,4088.288,1677.684,36.0
4094,1691,6,7,4110.376,1697.764,36.0
4024,1710,6,7,4040.096,1716.84,36.0
4063,1752,6,7,4079.252,1759.008,36.0
3961,1761,6,7,3976.844,1768.044,36.0
4236,1780,6,7,4252.944,1787.1200000000001,36.0
3950,1808,6,7,3965.8,1815.232,36.0
4040,1808,5,6,4056.16,1815.232,30.0
5605,1808,5,6,5627.42,1815.232,30.0
3824,1818,5,6,3839.296,1825.272,30.0
4053,1859,5,6,4069.212,1866.436,30.0
4025,1881,6,7,4041.1,1888.5240000000001,36.0
3418,1891,5,6,3431.672,1898.564,30.0
3795,1901,5,6,3810.18,1908.604,30.0
3748,1909,5,6,3762.992,1916.636,30.0
3987,1915,5,6,4002.948,1922.66,30.0
3409,1921,6,7,3422.636,1928.684,36.0
3332,1921,5,6,3345.328,1928.684,30.0
3512,1921,6,7,3526.0480000000002,1928.684,36.0
3990,1929,6,7,4005.96,1936.716,36.0
3472,1927,5,6,3485.888,1934.708,30.0
3501,1930,5,6,3515.004,1937.72,30.0
3680,1935,6,7,3694.72,1942.74,36.0
3623,1937,6,7,3637.492,1944.748,36.0
3344,1939,6,7,3357.376,1946.756,36.0
3694,1940,6,7,3708.776,1947.76,36.0
3321,1956,6,7,3334.284,1963.824,36.0
4060,1958,5,6,4076.2400000000002,1965.832,30.0
3459,1958,6,7,3472.836,1965.832,36.0
3594,1966,5,6,3608.376,1973.864,30.0
2960,1974,5,6,2971.84,1981.896,30.0
3640,1992,6,7,3654.56,1999.968,36.0
3316,1992,5,6,3329.264,1999.968,30.0
4037,1993,6,7,4053.148,2000.972,36.0
3726,1994,5,6,3740.904,2001.976,30.0
3755,1996,5,6,3770.02,2003.984,30.0
3283,2015,5,6,3296.132,2023.06,30.0
3403,2019,6,7,3416.612,2027.076,36.0
3317,2028,5,6,3330.268,2036.112,30.0
3329,2035,5,6,3342.316,2043.14,30.0
4074,2037,6,7,4090.296,2045.148,36.0
3308,2047,6,7,3321.232,2055.188,36.0
3989,2054,6,7,4004.956,2062.216,36.0
4075,2054,5,6,4091.3,2062.216,30.0
4046,2072,5,6,4062.184,2080.288,30.0
3293,2070,5,6,3306.172,2078.28,30.0
3809,2076,6,7,3824.236,2084.304,36.0
3957,2094,6,7,3972.828,2102.376,36.0
4098,2111,5,6,4114.392,2119.444,30.0
4036,2114,6,7,4052.1440000000002,2122.456,36.0
5577,2118,5,6,5599.308,2126.472,30.0
4040,2135,6,7,4056.16,2143.54,36.0
4093,2133,6,7,4109.372,2141.532,36.0
3379,2139,6,7,3392.516,2147.556,36.0
3423,2146,6,7,3436.692,2154.584,36.0
3768,2148,6,7,3783.072,2156.592,36.0
4048,2154,5,6,4064.192,2162.616,30.0
3531,2199,5,6,3545.124,2207.796,30.0
4003,2203,6,7,4019.012,2211.812,36.0
3405,2208,5,6,3418.62,2216.832,30.0
4014,2216,6,7,4030.056,2224.864,36.0
3385,2220,6,7,3398.54,2228.88,36.0
3556,2221,5,6,3570.224,2229.884,30.0
4110,2229,5,6,4126.44,2237.916,30.0
3980,2231,6,7,3995.92,2239.924,36.0
3377,2235,5,6,3390.508,2243.94,30.0
3390,2271,6,7,3403.56,2280.084,36.0
4062,2277,5,6,4078.248,2286.108,30.0
3444,2278,5,6,3457.776,2287.112,30.0
3849,2286,5,6,3864.396,2295.1440000000002,30.0
3396,2289,5,6,3409.584,2298.156,30.0
3918,2289,5,6,3933.672,2298.156,30.0
3414,2310,6,7,3427.656,2319.24,36.0
3456,2316,5,6,3469.824,2325.264,30.0
4027,2323,6,7,4043.108,2332.292,36.0
3951,2342,6,7,3966.804,2351.368,36.0
2522,2350,6,7,2532.088,2359.4,36.0
3717,2350,5,6,3731.868,2359.4,30.0
3414,2370,5,6,3427.656,2379.48,30.0
3988,2374,6,7,4003.952,2383.496,36.0
3382,2395,5,6,3395.528,2404.58,30.0
3812,2394,6,7,3827.248,2403.576,36.0
3664,2419,6,7,3678.656,2428.676,36.0
3428,2432,5,6,3441.712,2441.728,30.0
3446,2434,6,7,3459.784,2443.736,36.0
3402,2442,6,7,3415.608,2451.768,36.0
3972,2451,5,6,3987.888,2460.804,30.0
3445,2475,5,6,3458.78,2484.9,30.0
3419,2490,5,6,3432.676,2499.96,30.0
3901,2512,6,7,3916.604,2522.0480000000002,36.0
3603,2520,6,7,3617.412,2530.08,36.0
3619,2533,5,6,3633.476,2543.132,30.0
3425,2570,5,6,3438.7,2580.28,30.0
3383,2576,5,6,3396.532,2586.304,30.0
3595,2590,5,6,3609.38,2600.36,30.0
3460,2616,5,6,3473.84,2626.464,30.0
3421,2647,6,7,3434.684,2657.588,36.0
3913,2649,6,7,3928.652,2659.596,36.0
5762,2648,5,6,5785.048,2658.592,30.0
3596,2651,5,6,3610.384,2661.604,30.0
3461,2652,5,6,3474.844,2662.608,30.0
3400,2661,6,7,3413.6,2671.6440000000002,36.0
3766,2668,5,6,3781.064,2678.672,30.0
10836,2673,5,6,10879.344,2683.692,30.0
3506,2681,5,6,3520.024,2691.724,30.0
3578,2682,5,6,3592.312,2692.728,30.0
3483,2713,6,7,3496.932,2723.852,36.0
3454,2728,5,6,3467.816,2738.912,30.0
3638,2729,5,6,3652.552,2739.916,30.0
3849,2741,5,6,3864.396,2751.964,30.0
3665,2801,5,6,3679.66,2812.204,30.0
3541,2805,5,6,3555.164,2816.22,30.0
3667,2827,5,6,3681.668,2838.308,30.0
3623,2870,5,6,3637.492,2881.48,30.0
3519,2871,5,6,3533.076,2882.484,30.0
5981,2887,5,6,6004.924,2898.5480000000002,30.0
3344,2924,5,6,3357.376,2935.696,30.0
3399,3047,5,6,3412.596,3059.188,30.0
3384,3052,5,6,3397.536,3064.208,30.0
3262,3075,6,7,3275.0480000000002,3087.3,36.0
3225,3103,5,6,3237.9,3115.412,30.0
3215,3114,6,7,3227.86,3126.456,36.0
3250,3130,5,6,3263.0,3142.52,30.0
3220,3129,5,6,3232.88,3141.516,30.0
3076,3175,5,6,3088.304,3187.7,30.0
3169,3184,5,6,3181.676,3196.736,30.0
3202,3225,5,6,3214.808,3237.9,30.0
1979,3522,5,6,1986.916,3536.088,30.0
2060,3566,5,6,2068.24,3580.264,30.0
1996,3577,5,6,2003.984,3591.308,30.0
2577,3730,5,6,2587.308,3744.92,30.0
2515,3778,5,6,2525.06,3793.112,30.0
3826,3846,5,6,3841.304,3861.384,30.0
3509,3980,5,6,3523.036,3995.92,30.0
3453,3983,5,6,3466.812,3998.932,30.0
1246,4138,5,6,1250.984,4154.552,30.0
1878,4184,5,6,1885.512,4200.736,30.0
1830,4420,5,6,1837.32,4437.68,30.0
11047,4483,5,6,11091.188,4500.932,30.0
1679,4491,5,6,1685.716,4508.964,30.0
1487,4494,5,6,1492.948,4511.976,30.0
1684,4509,5,6,1690.736,4527.036,30.0
1764,4520,5,6,1771.056,4538.08,30.0
1465,4532,5,6,1470.86,4550.128,30.0
1455,4567,6,7,1460.82,4585.268,36.0
1410,4676,5,6,1415.64,4694.704,30.0
1369,4704,5,6,1374.476,4722.816,30.0
1424,4738,5,6,1429.696,4756.952,30.0
1725,4768,6,7,1731.9,4787.072,36.0
1760,4792,5,6,1767.04,4811.168,30.0
1880,4864,5,6,1887.52,4883.456,30.0
1578,4926,5,6,1584.312,4945.704,30.0
1381,5034,5,6,1386.5240000000001,5054.136,30.0
1453,5043,5,6,1458.812,5063.172,30.0
3278,5047,5,6,3291.112,5067.188,30.0
1432,5060,5,6,1437.728,5080.24,30.0
1413,5069,5,6,1418.652,5089.276,30.0
1836,5076,5,6,1843.344,5096.304,30.0
1446,5188,5,6,1451.784,5208.752,30.0
8417,5203,5,6,8450.668,5223.812,30.0
1466,5236,5,6,1471.864,5256.944,30.0
8436,5254,6,7,8469.744,5275.016,36.0
2811,5271,5,6,2822.244,5292.084,30.0
2000,5312,5,6,2008.0,5333.248,30.0
8542,5408,6,7,8576.168,5429.632,36.0
11200,5522,5,6,11244.8,5544.088,30.0
9114,5700,5,6,9150.456,5722.8,30.0
1646,5709,5,6,1652.584,5731.836,30.0
10412,5962,5,6,10453.648,5985.848,30.0
10665,5990,5,6,10707.66,6013.96,30.0
10275,6117,5,6,10316.1,6141.468,30.0
10651,6194,5,6,10693.604,6218.776,30.0
9938,6286,5,6,9977.752,6311.144,30.0
10323,6286,5,6,10364.292,6311.144,30.0
10416,6314,5,6,10457.664,6339.256,30.0
10626,6324,5,6,10668.504,6349.296,30.0
10538,6350,5,6,10580.152,6375.4,30.0
10296,6385,5,6,10337.184,6410.54,30.0
2095,6417,6,7,2103.38,6442.668,36.0
10171,6431,5,6,10211.684,6456.724,30.0
10094,6506,5,6,10134.376,6532.024,30.0
3583,6625,5,6,3597.332,6651.5,30.0
9729,6661,5,6,9767.916,6687.644,30.0
3513,6685,5,6,3527.052,6711.74,30.0
3466,6720,5,6,3479.864,6746.88,30.0
5278,1456,6,7,5299.112,1461.824,36.0
5315,1463,6,7,5336.26,1468.852,36.0
4194,1600,6,7,4210.776,1606.4,36.0
5559,1602,6,7,5581.236,1608.408,36.0
4270,1613,6,7,4287.08,1619.452,36.0
4186,1629,6,7,4202.744,1635.516,36.0
9172,1631,6,7,9208.688,1637.5240000000001,36.0
4282,1640,6,7,4299.128,1646.56,36.0
4078,1649,6,7,4094.312,1655.596,36.0
4769,1657,6,7,4788.076,1663.628,36.0
4252,1658,6,7,4269.008,1664.632,36.0
4211,1661,6,7,4227.844,1667.644,36.0
4108,1665,6,7,4124.432,1671.66,36.0
4084,1668,6,7,4100.336,1674.672,36.0
4168,1675,6,7,4184.672,1681.7,36.0
4108,1681,6,7,4124.432,1687.724,36.0
4214,1682,6,7,4230.856,1688.728,36.0
4029,1684,6,7,4045.116,1690.736,36.0
4020,1687,6,7,4036.08,1693.748,36.0
4186,1692,6,7,4202.744,1698.768,36.0
4003,1694,6,7,4019.012,1700.776,36.0
4118,1698,6,7,4134.472,1704.792,36.0
4018,1719,6,7,4034.072,1725.876,36.0
4168,1723,6,7,4184.672,1729.892,36.0
4017,1720,6,7,4033.068,1726.88,36.0
3982,1735,6,7,3997.928,1741.94,36.0
4167,1743,6,7,4183.668,1749.972,36.0
4012,1745,6,7,4028.0480000000002,1751.98,36.0
3968,1754,6,7,3983.872,1761.016,36.0
3991,1762,6,7,4006.964,1769.048,36.0
3980,1775,6,7,3995.92,1782.1,36.0
4068,1778,6,7,4084.272,1785.112,36.0
4078,1789,6,7,4094.312,1796.156,36.0
3963,1792,6,7,3978.852,1799.1680000000001,36.0
3990,1799,6,7,4005.96,1806.196,36.0
4088,1799,6,7,4104.352,1806.196,36.0
4064,1805,6,7,4080.256,1812.22,36.0
3819,1820,6,7,3834.276,1827.28,36.0
3858,1841,6,7,3873.432,1848.364,36.0
3952,1846,6,7,3967.808,1853.384,36.0
4078,1848,6,7,4094.312,1855.392,36.0
3810,1854,6,7,3825.2400000000002,1861.416,36.0
4010,1853,6,7,4026.04,1860.412,36.0
4022,1857,6,7,4038.088,1864.428,36.0
3994,1863,6,7,4009.976,1870.452,36.0
4028,1866,6,7,4044.112,1873.464,36.0
3785,1869,6,7,3800.14,1876.476,36.0
3851,1887,6,7,3866.404,1894.548,36.0
3667,1894,6,7,3681.668,1901.576,36.0
3158,1898,6,7,3170.632,1905.592,36.0
3367,1898,6,7,3380.468,1905.592,36.0
3632,1901,6,7,3646.528,1908.604,36.0
3717,1907,6,7,3731.868,1914.628,36.0
3752,1908,6,7,3767.008,1915.632,36.0
3442,1910,6,7,3455.768,1917.64,36.0
3433,1910,6,7,3446.732,1917.64,36.0
3993,1912,6,7,4008.972,1919.648,36.0
3731,1915,6,7,3745.924,1922.66,36.0
3686,1916,6,7,3700.744,1923.664,36.0
3382,1920,6,7,3395.528,1927.68,36.0
3648,1921,6,7,3662.592,1928.684,36.0
3753,1922,6,7,3768.012,1929.688,36.0
3354,1925,6,7,3367.416,1932.7,36.0
4061,1924,6,7,4077.244,1931.696,36.0
4060,1925,6,7,4076.2400000000002,1932.7,36.0
4050,1932,6,7,4066.2,1939.728,36.0
3380,1937,6,7,3393.52,1944.748,36.0
3455,1939,6,7,3468.82,1946.756,36.0
3920,1942,6,7,3935.68,1949.768,36.0
3389,1944,6,7,3402.556,1951.776,36.0
3410,1946,6,7,3423.64,1953.784,36.0
3694,1952,6,7,3708.776,1959.808,36.0
3384,1955,6,7,3397.536,1962.82,36.0
3362,1958,6,7,3375.448,1965.832,36.0
3347,1962,6,7,3360.388,1969.848,36.0
3548,1967,6,7,3562.192,1974.868,36.0
3967,1967,6,7,3982.868,1974.868,36.0
4080,1968,6,7,4096.32,1975.872,36.0
3972,1969,6,7,3987.888,1976.876,36.0
2944,1978,6,7,2955.776,1985.912,36.0
3411,1984,6,7,3424.6440000000002,1991.936,36.0
3781,1984,6,7,3796.124,1991.936,36.0
3330,1990,6,7,3343.32,1997.96,36.0
4018,1996,6,7,4034.072,2003.984,36.0
3363,1998,6,7,3376.452,2005.992,36.0
3328,2005,6,7,3341.312,2013.02,36.0
3525,2015,6,7,3539.1,2023.06,36.0
4074,2017,6,7,4090.296,2025.068,36.0
3540,2022,6,7,3554.16,2030.088,36.0
2855,2023,6,7,2866.42,2031.092,36.0
4026,2024,6,7,4042.104,2032.096,36.0
10028,2027,6,7,10068.112,2035.108,36.0
4007,2027,6,7,4023.028,2035.108,36.0
4062,2028,6,7,4078.248,2036.112,36.0
3550,2036,6,7,3564.2,2044.144,36.0
3339,2072,6,7,3352.356,2080.288,36.0
3384,2072,6,7,3397.536,2080.288,36.0
3657,2075,6,7,3671.628,2083.3,36.0
3430,2086,6,7,3443.72,2094.344,36.0
3785,2090,6,7,3800.14,2098.36,36.0
3360,2090,6,7,3373.44,2098.36,36.0
3387,2099,6,7,3400.5480000000002,2107.396,36.0
3930,2104,6,7,3945.72,2112.416,36.0
3454,2106,6,7,3467.816,2114.424,36.0
4096,2110,6,7,4112.384,2118.44,36.0
3318,2115,6,7,3331.272,2123.46,36.0
4085,2120,6,7,4101.34,2128.48,36.0
3306,2122,6,7,3319.224,2130.488,36.0
3620,2124,6,7,3634.48,2132.496,36.0
3915,2131,6,7,3930.66,2139.524,36.0
3339,2138,6,7,3352.356,2146.552,36.0
3510,2147,6,7,3524.04,2155.588,36.0
3714,2148,6,7,3728.856,2156.592,36.0
4049,2151,6,7,4065.196,2159.604,36.0
2621,2156,6,7,2631.484,2164.624,36.0
3769,2158,6,7,3784.076,2166.632,36.0
3399,2161,6,7,3412.596,2169.6440000000002,36.0
3510,2160,6,7,3524.04,2168.64,36.0
3345,2160,6,7,3358.38,2168.64,36.0
4057,2161,6,7,4073.228,2169.6440000000002,36.0
3590,2180,6,7,3604.36,2188.72,36.0
4064,2182,6,7,4080.256,2190.728,36.0
4057,2186,6,7,4073.228,2194.744,36.0
3357,2188,6,7,3370.428,2196.752,36.0
3668,2196,6,7,3682.672,2204.784,36.0
3832,2194,6,7,3847.328,2202.776,36.0
3556,2197,6,7,3570.224,2205.788,36.0
4058,2212,6,7,4074.232,2220.848,36.0
2553,2216,6,7,2563.212,2224.864,36.0
4028,2216,6,7,4044.112,2224.864,36.0
3398,2230,6,7,3411.592,2238.92,36.0
4050,2230,6,7,4066.2,2238.92,36.0
3887,2249,6,7,3902.5480000000002,2257.996,36.0
4000,2257,6,7,4016.0,2266.028,36.0
4028,2267,6,7,4044.112,2276.068,36.0
3828,2268,6,7,3843.312,2277.072,36.0
4018,2270,6,7,4034.072,2279.08,36.0
3407,2286,6,7,3420.628,2295.1440000000002,36.0
3659,2292,6,7,3673.636,2301.168,36.0
3852,2296,6,7,3867.408,2305.184,36.0
4017,2300,6,7,4033.068,2309.2,36.0
2936,2312,6,7,2947.744,2321.248,36.0
3941,2321,6,7,3956.764,2330.284,36.0
3388,2341,6,7,3401.552,2350.364,36.0
3709,2351,6,7,3723.8360000000002,2360.404,36.0
3368,2381,6,7,3381.472,2390.524,36.0
3976,2383,6,7,3991.904,2392.532,36.0
3946,2385,6,7,3961.784,2394.54,36.0
3700,2388,6,7,3714.8,2397.552,36.0
3374,2392,6,7,3387.496,2401.568,36.0
3488,2390,6,7,3501.952,2399.56,36.0
3391,2393,6,7,3404.564,2402.572,36.0
3685,2399,6,7,3699.7400000000002,2408.596,36.0
3527,2406,6,7,3541.108,2415.624,36.0
3752,2410,6,7,3767.008,2419.64,36.0
3366,2419,6,7,3379.464,2428.676,36.0
3907,2421,6,7,3922.628,2430.684,36.0
3909,2423,6,7,3924.636,2432.692,36.0
9695,2445,6,7,9733.78,2454.78,36.0
3884,2458,6,7,3899.536,2467.832,36.0
3937,2469,6,7,3952.748,2478.876,36.0
3582,2471,6,7,3596.328,2480.884,36.0
3865,2476,6,7,3880.46,2485.904,36.0
3950,2479,6,7,3965.8,2488.916,36.0
3424,2518,6,7,3437.696,2528.072,36.0
3768,2520,6,7,3783.072,2530.08,36.0
3864,2520,6,7,3879.456,2530.08,36.0
3374,2536,6,7,3387.496,2546.1440000000002,36.0
3852,2540,6,7,3867.408,2550.16,36.0
3412,2557,6,7,3425.648,2567.228,36.0
3498,2556,6,7,3511.992,2566.224,36.0
3408,2576,6,7,3421.632,2586.304,36.0
3373,2596,6,7,3386.492,2606.384,36.0
2771,2621,6,7,2782.084,2631.484,36.0
3992,2639,6,7,4007.968,2649.556,36.0
3367,2657,6,7,3380.468,2667.628,36.0
3427,2672,6,7,3440.708,2682.688,36.0
3543,2677,6,7,3557.172,2687.708,36.0
3564,2684,6,7,3578.256,2694.736,36.0
3835,2685,6,7,3850.34,2695.7400000000002,36.0
3579,2695,6,7,3593.316,2705.78,36.0
2506,2728,6,7,2516.024,2738.912,36.0
3651,2790,6,7,3665.604,2801.16,36.0
10929,2793,6,7,10972.716,2804.172,36.0
3568,2836,6,7,3582.272,2847.344,36.0
3533,2854,6,7,3547.132,2865.416,36.0
3627,2867,6,7,3641.508,2878.468,36.0
3442,2872,6,7,3455.768,2883.488,36.0
3477,2888,6,7,3490.908,2899.552,36.0
3379,2902,6,7,3392.516,2913.608,36.0
3576,2907,6,7,3590.304,2918.628,36.0
3341,2922,6,7,3354.364,2933.688,36.0
3273,2961,6,7,3286.092,2972.844,36.0
3342,2984,6,7,3355.368,2995.936,36.0
3448,2984,6,7,3461.792,2995.936,36.0
3261,2986,6,7,3274.044,2997.944,36.0
3383,2995,6,7,3396.532,3006.98,36.0
3371,3031,6,7,3384.484,3043.124,36.0
3191,3039,6,7,3203.764,3051.156,36.0
1704,3081,6,7,1710.816,3093.324,36.0
3289,3100,6,7,3302.156,3112.4,36.0
3173,3117,6,7,3185.692,3129.468,36.0
3275,3117,6,7,3288.1,3129.468,36.0
3209,3120,6,7,3221.836,3132.48,36.0
3284,3125,6,7,3297.136,3137.5,36.0
3223,3128,6,7,3235.892,3140.512,36.0
3120,3142,6,7,3132.48,3154.568,36.0
3084,3167,6,7,3096.336,3179.668,36.0
2288,3374,6,7,2297.152,3387.496,36.0
8873,3380,6,7,8908.492,3393.52,36.0
2959,3575,6,7,2970.836,3589.3,36.0
2088,3643,6,7,2096.352,3657.572,36.0
11460,3672,6,7,11505.84,3686.688,36.0
2619,3703,6,7,2629.476,3717.812,36.0
2621,3723,6,7,2631.484,3737.892,36.0
2592,3725,6,7,2602.368,3739.9,36.0
2035,3736,6,7,2043.14,3750.944,36.0
2029,3774,6,7,2037.116,3789.096,36.0
1857,3831,6,7,1864.428,3846.324,36.0
3544,3975,6,7,3558.176,3990.9,36.0
11478,4140,6,7,11523.912,4156.56,36.0
2410,4170,6,7,2419.64,4186.68,36.0
1864,4259,6,7,1871.456,4276.036,36.0
1755,4268,6,7,1762.02,4285.072,36.0
1878,4311,6,7,1885.512,4328.244,36.0
11133,4382,6,7,11177.532,4399.528,36.0
1614,4412,6,7,1620.456,4429.648,36.0
1866,4452,6,7,1873.464,4469.808,36.0
1726,4597,6,7,1732.904,4615.388,36.0
1755,4638,6,7,1762.02,4656.552,36.0
1649,4641,6,7,1655.596,4659.564,36.0
1395,4680,6,7,1400.58,4698.72,36.0
1431,4701,6,7,1436.724,4719.804,36.0
1679,4730,6,7,1685.716,4748.92,36.0
1403,4775,6,7,1408.612,4794.1,36.0
1412,4807,6,7,1417.648,4826.228,36.0
1371,4816,6,7,1376.484,4835.264,36.0
1408,4864,6,7,1413.632,4883.456,36.0
1746,4920,6,7,1752.984,4939.68,36.0
1595,4956,6,7,1601.38,4975.824,36.0
1618,4971,6,7,1624.472,4990.884,36.0
1632,4998,6,7,1638.528,5017.992,36.0
11376,5032,6,7,11421.504,5052.128,36.0
1563,5090,6,7,1569.252,5110.36,36.0
1410,5112,6,7,1415.64,5132.448,36.0
1410,5126,6,7,1415.64,5146.504,36.0
1436,5157,6,7,1441.744,5177.628,36.0
3438,5215,6,7,3451.752,5235.86,36.0
3564,5216,6,7,3578.256,5236.864,36.0
1471,5251,6,7,1476.884,5272.004,36.0
11283,5336,6,7,11328.132,5357.344,36.0
1965,5450,6,7,1972.86,5471.8,36.0
1922,5609,6,7,1929.688,5631.436,36.0
1567,5629,6,7,1573.268,5651.516,36.0
10640,5663,6,7,10682.56,5685.652,36.0
9148,5672,6,7,9184.592,5694.688,36.0
1920,5683,6,7,1927.68,5705.732,36.0
11039,5720,6,7,11083.156,5742.88,36.0
11130,5732,6,7,11174.52,5754.928,36.0
4495,5767,6,7,4512.98,5790.068,36.0
11066,5831,6,7,11110.264,5854.324,36.0
10425,5893,6,7,10466.7,5916.572,36.0
10744,5898,6,7,10786.976,5921.592,36.0
1832,6017,6,7,1839.328,6041.068,36.0
2325,6102,6,7,2334.3,6126.408,36.0
10135,6130,6,7,10175.54,6154.52,36.0
1802,6210,6,7,1809.208,6234.84,36.0
10490,6227,6,7,10531.960000000001,6251.908,36.0
10230,6312,6,7,10270.92,6337.248,36.0
10381,6341,6,7,10422.524,6366.364,36.0
8902,6344,6,7,8937.608,6369.376,36.0
2410,6356,6,7,2419.64,6381.424,36.0
2000,6370,6,7,2008.0,6395.4800000000005,36.0
10312,6391,6,7,10353.248,6416.564,36.0
9944,6466,6,7,9983.776,6491.864,36.0
10736,6551,6,7,10778.944,6577.204,36.0
2589,6599,6,7,2599.356,6625.396,36.0
2678,6614,6,7,2688.712,6640.456,36.0
2709,6637,6,7,2719.836,6663.548,36.0
9034,6989,6,7,9070.136,7016.956,36.0
1636,7132,6,7,1642.544,7160.528,36.0
3413,2955,6,7,3426.652,2966.82,36.0
3453,2938,7,8,3466.812,2949.752,42.0
3443,2952,5,6,3456.772,2963.808,30.0
3431,2966,5,6,3444.724,2977.864,30.0
3418,2968,5,6,3431.672,2979.872,30.0
3385,2978,5,6,3398.54,2989.912,30.0
3427,2981,5,6,3440.708,2992.924,30.0
3414,2988,5,6,3427.656,2999.952,30.0
3377,2989,7,8,3390.508,3000.956,42.0
3395,2996,5,6,3408.58,3007.984,30.0
3375,3006,6,7,3388.5,3018.024,36.0
3427,2989,6,7,3440.708,3000.956,36.0
3348,3016,8,9,3361.392,3028.064,48.0
3408,2979,9,10,3421.632,2990.916,54.0
3799,2723,6,7,3814.196,2733.892,36.0
3750,2742,6,7,3765.0,2752.968,36.0
3667,2771,7,8,3681.668,2782.084,42.0
3719,2754,6,7,3733.876,2765.016,36.0
3689,2791,5,6,3703.756,2802.164,30.0
3675,2782,7,8,3689.7,2793.128,42.0
3676,2788,7,8,3690.704,2799.152,42.0
3772,2724,8,9,3787.088,2734.896,48.0
3774,2722,9,10,3789.096,2732.888,54.0
4055,2604,7,8,4071.22,2614.416,42.0
4036,2623,6,7,4052.1440000000002,2633.492,36.0
3967,2644,7,8,3982.868,2654.576,42.0
4001,2642,6,7,4017.004,2652.568,36.0
3987,2646,5,6,4002.948,2656.584,30.0
3908,2668,5,6,3923.632,2678.672,30.0
3906,2669,5,6,3921.624,2679.676,30.0
3929,2671,5,6,3944.716,2681.684,30.0
3899,2672,5,6,3914.596,2682.688,30.0
3869,2683,6,7,3884.476,2693.732,36.0
3908,2681,7,8,3923.632,2691.724,42.0
3898,2686,5,6,3913.592,2696.744,30.0
3890,2691,5,6,3905.56,2701.764,30.0
3825,2697,7,8,3840.3,2707.788,42.0
3821,2706,5,6,3836.284,2716.824,30.0
4020,2609,6,7,4036.08,2619.436,36.0
3904,2669,6,7,3919.616,2679.676,36.0
3957,2645,8,9,3972.828,2655.58,48.0
3956,2644,9,10,3971.824,2654.576,54.0
4003,2644,9,10,4019.012,2654.576,54.0
3954,2646,9,10,3969.816,2656.584,54.0
3945,1814,5,6,3960.78,1821.256,30.0
3920,1833,7,8,3935.68,1840.332,42.0
3906,1835,5,6,3921.624,1842.34,30.0
3934,1852,5,6,3949.736,1859.408,30.0
3897,1862,6,7,3912.588,1869.448,36.0
3868,1876,6,7,3883.472,1883.504,36.0
3919,1874,7,8,3934.676,1881.496,42.0
3891,1883,7,8,3906.564,1890.532,42.0
3896,1916,7,8,3911.584,1923.664,42.0
3861,1898,5,6,3876.444,1905.592,30.0
3879,1907,7,8,3894.516,1914.628,42.0
3856,1913,7,8,3871.424,1920.652,42.0
3851,1937,7,8,3866.404,1944.748,42.0
3936,1818,8,9,3951.744,1825.272,48.0
3911,1858,8,9,3926.6440000000002,1865.432,48.0
3907,1872,7,8,3922.628,1879.488,42.0
3941,1846,9,10,3956.764,1853.384,54.0
3933,1856,9,10,3948.732,1863.424,54.0
3891,1903,8,9,3906.564,1910.612,48.0
3860,1868,9,10,3875.44,1875.472,54.0
3863,1887,9,10,3878.452,1894.548,54.0
3874,1892,9,10,3889.496,1899.568,54.0
3893,1927,9,10,3908.572,1934.708,54.0
3865,1933,9,10,3880.46,1940.732,54.0
3622,2862,7,8,3636.488,2873.448,42.0
3637,2867,5,6,3651.5480000000002,2878.468,30.0
3612,2872,5,6,3626.448,2883.488,30.0
3580,2885,5,6,3594.32,2896.54,30.0
3555,2898,6,7,3569.22,2909.592,36.0
3538,2899,5,6,3552.152,2910.596,30.0
3522,2908,5,6,3536.088,2919.632,30.0
3541,2910,6,7,3555.164,2921.64,36.0
3491,2922,7,8,3504.964,2933.688,42.0
3499,2939,5,6,3512.996,2950.756,30.0
3469,2943,5,6,3482.876,2954.772,30.0
3518,2936,7,8,3532.072,2947.744,42.0
3463,2963,7,8,3476.852,2974.852,42.0
3484,2942,8,9,3497.936,2953.768,48.0
3567,2887,9,10,3581.268,2898.5480000000002,54.0
3583,2808,6,7,3597.332,2819.232,36.0
3580,2810,6,7,3594.32,2821.2400000000002,36.0
3584,2827,6,7,3598.3360000000002,2838.308,36.0
3546,2834,7,8,3560.184,2845.336,42.0
3519,2844,7,8,3533.076,2855.376,42.0
3478,2865,6,7,3491.912,2876.46,36.0
3464,2873,6,7,3477.856,2884.492,36.0
3463,2874,6,7,3476.852,2885.496,36.0
3430,2892,7,8,3443.72,2903.568,42.0
3403,2908,7,8,3416.612,2919.632,42.0
3582,2808,7,8,3596.328,2819.232,42.0
3476,2866,7,8,3489.904,2877.464,42.0
3488,2860,8,9,3501.952,2871.44,48.0
3441,2887,8,9,3454.764,2898.5480000000002,48.0
